{"countries":[{"name":"Alsace, then Germany","code":"DE"},{"name":"Alsace","code":"DE"},{"name":"Germany","code":"DE"},{"name":"Argentina","code":"AR"},{"name":"Australia","code":"AU"},{"name":"Austria","code":"AT"},{"name":"Belgium","code":"BE"},{"name":"Burma","code":"MM"},{"name":"Myanmar","code":"MM"},{"name":"Canada","code":"CA"},{"name":"Chile","code":"CL"},{"name":"China","code":"CN"},{"name":"Colombia","code":"CO"},{"name":"Costa Rica","code":"CR"},{"name":"Czechoslovakia","code":"CZ"},{"name":"Democratic Republic of Vietnam","code":"VN"},{"name":"Denmark","code":"DK"},{"name":"East Timor","code":"TL"},{"name":"Egypt","code":"EG"},{"name":"Federal Republic of Germany","code":"DE"},{"name":"Finland","code":"FI"},{"name":"France","code":"FR"},{"name":"Germany","code":"DE"},{"name":"Ghana","code":"GH"},{"name":"United Kingdom","code":"UK"},{"name":"Greece","code":"GR"},{"name":"Guatemala","code":"GT"},{"name":"Hungary","code":"HU"},{"name":"Iceland","code":"IS"},{"name":"India","code":"IN"},{"name":"Ireland","code":"IE"},{"name":"Israel","code":"IL"},{"name":"Italy","code":"IT"},{"name":"Japan","code":"JP"},{"name":"Mexico","code":"MX"},{"name":"Nigeria","code":"NG"},{"name":"South Korea","code":"KR"},{"name":"Norway","code":"NO"},{"name":"Pakistan","code":"PK"},{"name":"Palestine","code":"IL"},{"name":"Poland","code":"PL"},{"name":"Portugal","code":"PT"},{"name":"Russia","code":"RU"},{"name":"Saint Lucia","code":"LC"},{"name":"South Africa","code":"ZA"},{"name":"Spain","code":"ES"},{"name":"Austria-Hungary","code":"HU"},{"name":"Sweden","code":"SE"},{"name":"Switzerland","code":"CH"},{"name":"the Netherlands","code":"NL"},{"name":"Tibet","code":"CN"},{"name":"Tunisia","code":"TN"},{"name":"Union of South Africa","code":"ZA"},{"name":"USA","code":"US"},{"name":"USSR","code":"RU"},{"name":"Yugoslavia","code":"RS"},{"name":"Luxembourg","code":"LU"},{"name":"Scotland","code":"GB"},{"name":"Trinidad","code":"TT"},{"name":"New Zealand","code":"NZ"},{"name":"Bosnia","code":"BA"},{"name":"Lithuania","code":"LT"},{"name":"Taiwan","code":"TW"},{"name":"Korea","code":"KP"},{"name":"Faroe Islands","code":"FO"},{"name":"Java, Dutch East Indies (now Indonesia)","code":"ID"},{"name":"Romania","code":"RO"},{"name":"Venezuela","code":"VE"},{"name":"Sleswick, then Denmark","code":"DK"},{"name":"Sleswick","code":"DK"},{"name":"British India","code":"IO"},{"name":"Yugoslavia (now Serbia)","code":"RS"},{"name":"Algeria","code":"DZ"},{"name":"Guadeloupe Island","code":"GP"},{"name":"Turkey","code":"TR"},{"name":"Bulgaria","code":"BG"},{"name":"Southern Rhodesia","code":""},{"name":"Iran","code":"IR"},{"name":"Kenya","code":"KE"},{"name":"Poland, then Russian Empire","code":"PL"},{"name":"Bangladesh","code":"BD"},{"name":"Persia","code":"IR"},{"name":"Persia (now Iran)","code":"IR"},{"name":"Mauritius","code":"MU"},{"name":"Brazil","code":"BR"},{"name":"Southern Rhodesia (now Zimbabwe)","code":"ZW"},{"name":"Poland, Russian Empire","code":"PL"},{"name":"Hungary (now Slovakia)","code":"SK"},{"name":"Prussia","code":"PL"},{"name":"Prussia (now Poland)","code":"PL"},{"name":"Hesse-Kassel (now Germany)","code":"DE"},{"name":"Prussia (now Russia)","code":"RU"},{"name":"West Germany","code":"DE"},{"name":"Schleswig (now Germany)","code":"DE"},{"name":"Schleswig","code":"DE"},{"name":"East Germany","code":"DE"},{"name":"Germany (now Poland)","code":"PL"},{"name":"Austria-Hungary (now Poland)","code":"PL"},{"name":"Northern Ireland","code":"IE"},{"name":"Russian Empire (now Lithuania)","code":"LT"},{"name":"Russia, Soviet Union","code":"RU"},{"name":"Russian Empire (now Azerbaijan)","code":"AZ"},{"name":"Crete (now Greece)","code":"GR"},{"name":"Germany (now France)","code":"FR"},{"name":"Russian Empire","code":"RU"},{"name":"India (now Pakistan)","code":"PK"},{"name":"German-occupied Poland","code":"PL"},{"name":"USSR (now Belarus)","code":"BY"},{"name":"USSR (now Russia)","code":"RU"},{"name":"Czechoslovakia (now Czech Republic)","code":"CZ"},{"name":"Prussia (now Germany)","code":"DE"},{"name":"Bavaria (now Germany)","code":"DE"},{"name":"Latvia, Russian Empire","code":"LV"},{"name":"East Friesland (now Germany)","code":"DE"},{"name":"Austria-Hungary (now Slovenia)","code":"SI"},{"name":"Austrian Empire (now Austria)","code":"AT"},{"name":"Austria-Hungary (now Croatia)","code":"HR"},{"name":"Austria-Hungary (now Hungary)","code":"HU"},{"name":"Russian Empire (now Finland)","code":"FI"},{"name":"Ottoman Empire (now Turkey)","code":"TR"},{"name":"Hungarian Empire (now Czech Republic)","code":"CZ"},{"name":"Austria-Hungary (now Bosnia and Herzegovina)","code":"BA"},{"name":"British Protectorate of Palestine (now Israel)","code":"IL"},{"name":"Austria-Hungary (now Ukraine)","code":"UA"},{"name":"Russian Empire (now Ukraine)","code":"UA"},{"name":"Mecklenburg (now Germany)","code":"DE"},{"name":"W\u00fcrttemberg (now Germany)","code":"DE"},{"name":"Austria-Hungary (now Czech Republic)","code":"CZ"},{"name":"Jamaica","code":"JM"},{"name":"Russian Empire (now Poland)","code":"PL"},{"name":"Germany (now Russia)","code":"RU"},{"name":"Tuscany (now Italy)","code":"IT"},{"name":"Poland (now Lithuania)","code":"LT"},{"name":"Madagascar","code":"MG"},{"name":"Free City of Danzig (now Poland)","code":"PL"},{"name":"Austrian Empire (now Czech Republic)","code":"CZ"},{"name":"Austrian Empire (now Italy)","code":"IT"},{"name":"Gabon","code":"GA"},{"name":"Northern Rhodesia (now Zambia)","code":"ZM"},{"name":"Vietnam","code":"VN"},{"name":"Russian Empire (now Belarus)","code":"BY"},{"name":"Ottoman Empire (now Republic of Macedonia)","code":"MK"},{"name":"Burma (now Myanmar)","code":"MM"},{"name":"Poland (now Belarus)","code":"BY"},{"name":"British Mandate of Palestine (now Israel)","code":"IL"},{"name":"Korea (now South Korea)","code":"KR"},{"name":"Gold Coast (now Ghana)","code":"GH"},{"name":"British India (now Bangladesh)","code":"BD"},{"name":"Finland (now Russia)","code":"RU"},{"name":"British West Indies (now Saint Lucia)","code":"LC"},{"name":"Barbados","code":"BB"},{"name":"Peru","code":"PE"},{"name":"Cyprus","code":"CY"},{"name":"Puerto Rico","code":"PR"},{"name":"Liberia","code":"LR"},{"name":"Yemen","code":"YE"}]}