attr1,attr2,attr3,attr4,attr5,attr6,attr7,attr8,attr9,attr10,attr11,attr12,attr13,attr14,attr15,attr16,attr17,attr18,classe
0.43083003,0.7416666999999999,0.0,0.0,0.034220546,0.0006722339299999999,0.027329193,0.0008557435400000001,0.090111025,0.079416536,0.061119296,0.1309431,0.73134327,0.014117654,0.87286526,0.123711355,0.50813884,0.8318493,0.0
0.33596838,0.73333335,0.0,0.0,0.038022805,0.00072609575,0.032298137000000005,0.0005412199,0.09579138,0.08508914,0.06848307,0.1348402,0.72947764,0.023529414,0.85958254,0.12739322,0.46332908,0.8369865,0.0
0.8853754999999999,0.97083336,0.0,0.0,0.115969576,0.0022134436,0.067080736,0.0010965897,0.085463464,0.07536467,0.061855678,0.12003117,0.73694026,0.038823534,0.82732445,0.11340206,0.48014903,0.84478235,0.0
0.18181819,0.92083335,0.0,0.0,0.043726236,0.0012650981,0.022360247000000003,0.0006451766999999999,0.08856184,0.080226906,0.05964654,0.12704597,0.7481343,0.014117654,0.85578746,0.12002946,0.50096595,0.8258890999999999,0.0
0.37944663,0.7291667,0.0,0.0,0.03992397,0.0006969868600000001,0.026086964,0.00072532584,0.10870127,0.101296596,0.07805596,0.1480904,0.7481343,0.010588235,0.8614799999999999,0.13991164,0.44266057,0.8239235999999999,0.0
0.6166008000000001,0.875,0.0,0.0,0.03612167,0.0006523322699999999,0.02732919,0.00044768068,0.08443067,0.07455429400000001,0.05375553,0.12626655,0.73880595,0.0047058845,0.88045543,0.11929308,0.5491796999999999,0.8261886,0.0
0.24110672,0.8875,0.0,0.0,0.032319392999999995,0.0010925954,0.052173913,0.001177926,0.10198813,0.096434355,0.075846836,0.1348402,0.76305974,0.03058824,0.81404173,0.12739322,0.40896538,0.8233421999999999,0.0
0.1027668,0.9875,0.3333333,0.0,0.05513308,0.00065233186,0.07080745,0.0012424181,0.10663568,0.10777958,0.08541974,0.12782541,0.8078358,0.05529412,0.7286528,0.12076583,0.31222734,0.81046945,0.0
0.16996047,0.925,0.0,0.0,0.07604562,0.002164412,0.04720496,0.0009577564,0.10095533,0.09157212,0.07511046,0.13717848,0.73694026,0.031764705,0.83870965,0.12960236,0.42217422,0.83848727,0.0
0.06324111,0.90833336,0.0,0.0,0.072243355,0.0020017077,0.054658387,0.0011647644,0.09553318,0.081847645,0.0736377,0.13172252,0.70895517,0.04941177,0.83870965,0.124447726,0.4398524,0.86358523,0.0
0.12252964,0.95416665,0.0,0.0,0.04372623,0.0015536698000000002,0.05093167,0.0012299477,0.08468887,0.07131280000000001,0.061855678,0.121590026,0.7145522,0.04235294,0.8444021999999999,0.114874825,0.47067475,0.85417736,0.0
0.21343873,0.825,0.3333333,0.0,0.062737636,0.0013061074,0.031055897,0.0007199922,0.08727085,0.07536467,0.06848307,0.11847233,0.72388065,0.062352948,0.80265653,0.11192931,0.40790388,0.8634704,0.0
0.541502,0.8,0.0,0.0,0.05703423,0.0016602952,0.05093168,0.0013551837,0.07849213,0.06401945,0.05375553,0.11847233,0.70895517,0.031764705,0.86717266,0.11192931,0.53894526,0.8501284,0.0
0.35177866,0.7416666999999999,0.0,0.0,0.03041825,0.0007858717999999999,0.02360248,0.00059708697,0.08985283,0.07617504,0.06259205,0.13172252,0.7108209,0.022352947,0.88045543,0.124447726,0.49709514,0.84438777,0.0
0.9644269,0.9458333,0.3333333,0.0,0.05703421700000001,0.0025597904000000003,0.05217391,0.0017603328,0.062225666,0.04619125,0.043446243,0.097427905,0.7033581999999999,0.05647059,0.83301705,0.09204713,0.59701496,0.86797667,0.0
0.22529644,0.85833335,0.0,0.0,0.047528517,0.0010717155,0.037267074,0.00097372045,0.08313969,0.07131280000000001,0.05964654,0.11925175,0.7257462,0.038823534,0.83870965,0.11266569,0.48659843,0.84792835,0.0
0.5731225000000001,0.7916667,0.0,0.0,0.02091254,0.00033046733,0.02360248,0.0005773971,0.07436097,0.06320908,0.046391755,0.114575215,0.73320895,0.01529412,0.8690701999999999,0.10824743,0.5708515000000001,0.83157915,0.0
0.07114624,0.72083336,0.0,0.0,0.019011406,0.00034713987,0.018633539,0.00044982787,0.099147946,0.08995137,0.07290132,0.13561964,0.73880595,0.029411765,0.84060717,0.12812962,0.43115196,0.83638656,0.0
0.9644269,0.6875,0.0,0.0,0.034220554,0.0005207103,0.022360247000000003,0.00040233848,0.1288407,0.110210694,0.11266569,0.16367888,0.6641791,0.08470588,0.82732445,0.15463918,0.35206997,0.9025901,0.0
0.8972332000000001,0.7125,0.3333333,0.0,0.03041824,0.0006942803,0.017391296,0.00047280363,0.1169636,0.10615883,0.08468336,0.16134061,0.7220149,0.0047058845,0.89753324,0.15243004,0.44435817,0.8327818000000001,0.0
0.31225297,0.8,0.0,0.0,0.047528513,0.0007490709,0.043478254,0.0011009738,0.08649626,0.07293355,0.05964654,0.12782541,0.7126866,0.023529414,0.87666035,0.12076583,0.5144446,0.8445886,0.0
0.7233202,0.775,0.0,0.0,0.10456274,0.0032823784000000004,0.10186334,0.0019808006,0.08339789,0.06482983,0.06332842,0.122369446,0.6791045,0.05529412,0.85958254,0.115611196,0.51518697,0.87438947,0.0
0.3320158,0.8833333000000001,0.3333333,0.0,0.060836498,0.0010557852,0.04347826,0.0010904215,0.102762714,0.0923825,0.07658321400000001,0.14029618,0.72947764,0.03058824,0.84819734,0.13254787,0.42312294,0.8411953999999999,0.0
0.6363635999999999,0.94166666,0.3333333,0.0,0.07794677,0.0011529677,0.059627328,0.0018500064,0.09217661,0.079416536,0.066273935,0.13172252,0.7164179,0.029411765,0.86337763,0.124447726,0.47282594,0.84519845,0.0
0.45454547,0.975,0.0,0.0,0.077946775,0.0011724002,0.05093167,0.001079766,0.11412343,0.09886547,0.09499264,0.14886983,0.6921641,0.067058824,0.82732445,0.140648,0.38490298,0.8800619000000001,0.0
0.16996047,0.73333335,0.0,0.0,0.04942967,0.00034713978,0.018633543,0.0007410955,0.10611929,0.096434355,0.08468336,0.13795792,0.73320895,0.05411765,0.80645156,0.13033874,0.35552603,0.85327375,0.0
0.8458498,0.8666666999999999,0.0,0.0,0.08745247,0.0022564107,0.072049685,0.0017971684,0.09217661,0.07536467,0.06774669,0.13406079,0.6884328000000001,0.036470592,0.88045543,0.12665685,0.49459508,0.8612678,0.0
0.78656125,0.99583334,0.0,0.0,0.07794677,0.0014326103,0.032298137000000005,0.0007397945,0.064291246,0.047811992000000005,0.048600886,0.09664848,0.69962686,0.07176471,0.8121441999999999,0.091310754,0.5633903,0.8792032,0.0
0.4466403000000001,0.9458333,0.0,0.0,0.05703423,0.001144773,0.032298137000000005,0.0007704192999999999,0.095016785,0.081037275,0.0706922,0.13406079,0.7070896,0.037647057000000005,0.85958254,0.12665685,0.46145898,0.8546503000000001,0.0
0.11462451,1.0,0.0,0.0,0.08365017,0.0018973993,0.17888197,0.001158125,0.14407437,0.15640195,0.11782033,0.15978177,0.8731343,0.04,0.6869069999999999,0.1509573,0.23141664,0.7271254,0.0
0.13043478,0.6375,0.0,0.0,0.030418256,0.0004070578,0.028571427000000007,0.0003539228,0.07900852,0.067260936,0.06848307,0.10132502,0.72761196,0.1,0.7381404,0.095729016,0.367923,0.8956860000000001,0.0
0.3992095,0.8,0.0,0.0,0.022813683,0.0007664645699999999,0.029813658,0.0006451766,0.068164214,0.054294977,0.04270987,0.10833983,0.7164179,0.025882356,0.8690701999999999,0.10235641,0.5918262,0.844259,0.0
0.85375494,0.975,0.3333333,0.5,0.10836502,0.0030418125,0.048447203,0.0008964372,0.067906015,0.054294977,0.04712813,0.10288387,0.7182835999999999,0.048235297,0.83111954,0.09720177,0.57276654,0.85847294,0.0
0.6403161999999999,0.82916665,0.0,0.0,0.053231936,0.0005488763,0.033540368,0.0006927101,0.08262329,0.06807131,0.058910165,0.121590026,0.7070896,0.037647057000000005,0.85958254,0.114874825,0.48873982,0.8541540000000001,0.0
0.011857707,0.7375,0.0,0.0,0.053231936,0.0006942803,0.0521739,0.00054829416,0.10973406,0.097244725,0.09278351,0.13951676,0.7126866,0.07647059,0.7912714,0.1318115,0.34240820000000005,0.88117313,0.0
0.13043478,0.65833336,0.0,0.0,0.02851711,0.00050974666,0.036024842,0.0006346365,0.08933643,0.07779579,0.06480118,0.12626655,0.7257462,0.035294127,0.8444021999999999,0.11929308,0.46356925,0.8456689000000001,0.0
0.18181819,0.825,0.0,0.0,0.058935363,0.0013003277,0.0310559,0.0006700847,0.08107410000000001,0.06969205,0.061119296,0.11301637,0.72947764,0.05529412,0.8083491999999999,0.106774665,0.46432462,0.8570464,0.0
0.6205534,0.76666665,0.0,0.0,0.08365019,0.0023639959,0.06335403,0.0012424185,0.0815905,0.06888168,0.05670103,0.12003117,0.7201491999999999,0.031764705,0.85578746,0.11340206,0.5177167,0.84869826,0.0
0.6916996,0.925,0.3333333,0.0,0.049429655,0.0011578565,0.058385085,0.0013721416,0.087012656,0.07536467,0.05522828,0.13172252,0.7257462,0.0,0.90132827,0.124447726,0.5548810000000001,0.8306440999999999,0.0
0.8774704,0.725,0.0,0.0,0.017110266000000002,0.00035252256,0.05341614,0.0015009247,0.090369225,0.08427876,0.06480118,0.123148866,0.76305974,0.03058824,0.81404173,0.11634757,0.44541803,0.8197595,0.0
0.03557312,0.8833333000000001,0.3333333,0.0,0.051330805,0.0010787207,0.07950311,0.0021271633,0.1048283,0.10048622,0.08541974,0.12938425,0.77052236,0.06352941,0.75332063,0.12223859,0.33066535,0.83186287,0.0
0.65217394,0.87916666,0.0,0.0,0.053231936,0.0008414116999999999,0.02608695,0.00044982778,0.073069975,0.06320908,0.04418262,0.11301637,0.74253726,0.010588235,0.86717266,0.106774665,0.58765954,0.8250707,0.0
0.68774706,0.8375,0.3333333,0.0,0.03422054,0.00067223416,0.040993787,0.00097074703,0.085721664,0.07293355,0.05964654,0.12548713,0.7182835999999999,0.027058821,0.86527514,0.11855671,0.4987573,0.8425315000000001,0.0
0.34387353,0.8333333,0.6666666,0.0,0.04752852,0.0008871619,0.05465838,0.0010499045,0.07539375,0.06482983,0.050810013,0.11145753,0.73694026,0.031764705,0.83870965,0.10530192,0.52432793,0.83688015,0.0
0.6679841999999999,0.8958333,0.0,0.0,0.053231932,0.0014365476999999998,0.053416144000000006,0.0009301971,0.08288149,0.07374392,0.053019147,0.123148866,0.7444029999999999,0.008235293000000001,0.8690701999999999,0.11634757,0.5483296999999999,0.8254097,0.0
0.29249012,0.8958333,0.0,0.0,0.07604564,0.0006609349,0.036024842,0.0007358762700000001,0.116447195,0.111831434,0.086156115,0.15276696,0.76492536,0.014117654,0.83870965,0.1443299,0.40474883,0.8169879,0.0
0.0039525693,0.77916664,0.3333333,0.0,0.030418256,0.0006258155,0.043478265,0.0009786556,0.08494707,0.07050243,0.06995582,0.114575215,0.7070896,0.080000006,0.7912714,0.10824743,0.4157716,0.88396096,0.0
0.3320158,0.89166665,0.0,0.0,0.0513308,0.0010139372,0.036024846,0.0009301971,0.11283243,0.10534846,0.08468336,0.14964926,0.7462687,0.023529414,0.84250474,0.1413844,0.40115124,0.8285171,0.0
0.6482214,0.7291667,0.0,0.0,0.08745244,0.0015860538,0.044720493,0.0008466877599999999,0.34521046,0.32901132,0.40500736,0.29696026,0.6119403,0.5,0.21062618,0.40500736,0.3072572,0.1852318,1.0
0.24901186,0.6875,0.0,0.0,0.079847895,0.0009266114,0.02236026,0.0006628567,0.35398915,0.3354943,0.4131075,0.3086516,0.5932835999999999,0.49882358,0.23149905,0.4131075,0.29405567,0.17850545,1.0
0.78656125,0.7416666999999999,0.0,0.0,0.03802282,0.0010977531,0.07080745,0.0007253261,0.34624323,0.32901132,0.40353462,0.3016368,0.6044776,0.48823532,0.23719165,0.40353462,0.2938097,0.17979127,1.0
0.52964425,0.725,0.3333333,0.0,0.0760456,0.0028335012,0.050931707,0.0009301964,0.33436614,0.32171798,0.37997055,0.29773965,0.6399254,0.4294118,0.29601517,0.37997055,0.2591888,0.17830078,1.0
0.71936756,0.725,0.0,0.0,0.098859295,0.0014365464,0.12919253,0.0040080273,0.3134521,0.29659644,0.36450663,0.27513638,0.6175373000000001,0.45058826,0.28463,0.36450663,0.28574014,0.17445813,1.0
0.99604744,0.75416666,0.0,0.0,0.07414449,0.0020250867,0.05714285,0.0011140234,0.33126777,0.30875203,0.39248896,0.28760716,0.57276124,0.5035294,0.24478179,0.39248896,0.30747290000000005,0.17189865,1.0
0.20948617,0.6875,0.0,0.0,0.0722434,0.0006942803,0.05962734,0.001941495,0.35321456,0.3354943,0.41531667,0.30397505,0.5988806,0.5129412,0.20303605,0.41531667,0.30857325,0.18345286,1.0
0.33596838,0.7,0.0,0.0,0.06844106,0.0012930676,0.07950311,0.0022176453,0.35244000000000003,0.33387357,0.41163477,0.30709276,0.5932835999999999,0.49882358,0.23149905,0.41163477,0.29654688,0.17887864,1.0
0.98418975,0.7708333,0.0,0.0,0.05133078,0.0015143922,0.05093165,0.0008790705,0.33307514,0.31118315,0.38954347,0.29384255,0.57649255,0.48117647,0.27703986,0.38954347,0.28913772,0.16757381,1.0
0.9328063,0.75416666,0.3333333,0.0,0.02851711,0.000552297,0.09813665,0.0025419593,0.32326362,0.29983792,0.3821797,0.28293064,0.56902987,0.49058828,0.2694497,0.3821797,0.3026748,0.16736439,1.0
0.84189725,0.7625,0.0,0.0,0.041825086,0.001034163,0.07204969,0.0012228768,0.3142267,0.29335493,0.36745214,0.27747467,0.5895523,0.46117648,0.29601517,0.36745214,0.29197225,0.1674055,1.0
0.6284585,0.73333335,0.3333333,0.0,0.08935364,0.0019531446,0.1142857,0.0025521722,0.34495223,0.32576984,0.40353462,0.30085737,0.5914179,0.49411762,0.24098670000000005,0.40353462,0.2973408,0.17686912,1.0
0.7905138,0.75,0.0,0.0,0.034220554,0.0007664648,0.06583849,0.0007358765,0.34288666,0.32576984,0.39617085,0.3024162,0.6063433000000001,0.46823528,0.2675522,0.39617085,0.27888620000000003,0.17546465,1.0
0.85375494,0.76666665,0.0,0.0,0.14448673,0.0033115055,0.053416155,0.0015162538,0.3142267,0.2893031,0.36818853,0.28059235,0.5615671999999999,0.46470588,0.31878558,0.36818853,0.2929567,0.15538979,1.0
0.72727275,0.7375,0.0,0.0,0.060836468,0.0011381743,0.044720482,0.0008996553,0.349858,0.32820097,0.41163477,0.30475447,0.57276124,0.5105882,0.2333966,0.41163477,0.3004298,0.17405654,1.0
0.25296444,0.6875,0.0,0.0,0.09885931,0.0014829829999999998,0.03354037,0.0008432666699999999,0.34675962,0.3298217,0.404271,0.3016368,0.6063433000000001,0.48941177,0.2333966,0.404271,0.294787,0.18105328,1.0
0.9881423,0.76666665,0.0,0.0,0.100760445,0.0029024370000000003,0.085714296,0.0016984893,0.33410794,0.31037277,0.39248896,0.29462197,0.5634329,0.49058828,0.27514229999999995,0.39248896,0.29187490000000005,0.16577114,1.0
0.58498025,0.7125,0.3333333,0.0,0.10646393,0.0032355785,0.15652172,0.0040747835,0.27782083,0.27147487,0.31369662,0.24551831,0.70149255,0.36941177,0.33017078,0.31369662,0.24779001,0.1974091,1.0
0.67193675,0.73333335,0.0,0.5,0.10076049,0.0017454363,0.05962734,0.0017537521,0.3372063,0.31604537,0.39837998,0.2922837,0.5802239,0.50470585,0.23529412,0.39837998,0.3067255,0.17553954,1.0
0.9802371,0.7875,0.0,0.0,0.08745244,0.0026437412,0.05590062,0.00087025814,0.31577587,0.29659644,0.36966127,0.27669522,0.6007463000000001,0.46470588,0.27893737,0.36966127,0.29278436,0.172501,1.0
0.09090909,0.67083335,0.0,0.0,0.039923966,0.00092049345,0.21863352,0.003935245,0.2930545,0.27714747,0.3335788,0.2650039,0.63059705,0.39529416,0.3605313,0.3335788,0.24983571,0.15116824,1.0
0.5059289,0.72083336,0.3333333,0.0,0.076045625,0.0009184471,0.08074534,0.0013118292,0.3152595,0.30470017,0.36082473,0.27669522,0.6604478,0.4247059,0.28273243,0.36082473,0.2758183,0.1870142,1.0
0.30039525,0.69166666,0.0,0.0,0.045627356,0.0013444688,0.048447214,0.0014245118,0.33746448,0.32252836,0.39322534,0.2922837,0.6231344,0.47882354,0.2333966,0.39322534,0.29743084,0.18529727,1.0
0.7430829999999999,0.73333335,0.0,0.0,0.041825112000000005,0.0010120791,0.06832297,0.0017232698000000002,0.3382391,0.32171798,0.39690724,0.2915043,0.6119403,0.4929412,0.22201137,0.39690724,0.30575457,0.184114,1.0
0.2055336,0.6875,0.0,0.0,0.06653995,0.00088716263,0.034782615,0.0014399854,0.35063258,0.33144245,0.41163477,0.30397505,0.5895523,0.5070587999999999,0.22201137,0.41163477,0.3024212,0.17906104,1.0
0.8774704,0.74583334,0.0,0.0,0.06844105,0.0010414205,0.04596274,0.0010581319,0.3268784,0.3063209,0.38291606,0.28682774,0.58768654,0.4776471,0.27134725,0.38291606,0.29222646,0.17107616,1.0
0.73913044,0.74583334,0.0,0.0,0.066539936,0.0009837757,0.04596274,0.0007962503,0.3408211,0.32252836,0.3976436,0.29773965,0.5988806,0.4847059,0.24857683,0.3976436,0.29230747,0.17759423,1.0
0.8063241,0.74583334,0.0,0.0,0.04372622,0.0010064805,0.03602483,0.0008106413300000001,0.34495223,0.32658023,0.40206188,0.3016368,0.59701496,0.48705882,0.2466793,0.40206188,0.29078844,0.17737743,1.0
0.84189725,0.76666665,0.0,0.0,0.02851711,0.00066377735,0.044720493,0.0006968700299999999,0.32455462,0.29983792,0.37997055,0.289166,0.5597015000000001,0.47411767,0.30550283,0.37997055,0.2902986,0.15827638,1.0
0.5770751000000001,0.7125,0.0,0.0,0.07794680000000001,0.0017193519,0.06583851,0.001152289,0.3038988,0.2941653,0.34830636,0.2657833,0.6697761,0.41647062,0.2865275,0.34830636,0.27866945,0.18886570000000005,1.0
0.27272728,0.69166666,0.0,0.0,0.07414447,0.0010787223,0.037267063,0.0008466877599999999,0.34469402,0.32820097,0.404271,0.29696026,0.61007464,0.49882358,0.21442124,0.404271,0.30596185,0.18492134,1.0
0.6798419,0.74583334,0.3333333,0.0,0.079847895,0.0025861356,0.034782615,0.0008691508,0.35166538,0.32739058,0.4131075,0.30943102,0.55410445,0.5094118,0.25426945,0.4131075,0.29212540000000004,0.16712032,1.0
0.8458498,0.7583333000000001,0.0,0.0,0.06844105,0.0005207111,0.10807453,0.0009343321,0.3152595,0.29821718,0.36671576,0.27669522,0.61567163,0.45294118,0.28273243,0.36671576,0.28924206,0.17527577,1.0
0.66007906,0.72083336,0.0,0.0,0.15969582,0.0015329281,0.13043475,0.00130594,0.3364317,0.32009724,0.3888071,0.2961808,0.6138060000000001,0.46235293,0.2694497,0.3888071,0.2781955,0.17751563,1.0
0.8932806000000001,0.7708333,0.0,0.0,0.08935362,0.0023806647,0.07950312,0.0012228765,0.32894397,0.30713126,0.38586158,0.289166,0.57835823,0.48235297,0.27324477,0.38586158,0.29246890000000003,0.16866574,1.0
0.7944664,0.7583333000000001,0.0,0.0,0.038022846,0.0007565731599999999,0.07577637599999999,0.0017955592,0.2907307,0.27633712,0.33578795,0.25643024,0.641791,0.41647062,0.31499052,0.33578795,0.27838665,0.17647111,1.0
0.72727275,0.7291667,0.0,0.0,0.07414449,0.001874436,0.06708072,0.0009737206,0.3361735,0.32090762,0.39027983,0.29306313,0.62126863,0.47058824,0.24857683,0.39027983,0.29042712,0.1826784,1.0
0.97628456,0.7875,0.0,0.0,0.047528487,0.000960534,0.039751556,0.0008421237,0.32145622,0.3014587,0.3748159,0.28371003,0.5932835999999999,0.46352944,0.28842506,0.3748159,0.28666258,0.16891338,1.0
0.99604744,0.7916667,0.0,0.0,0.10266157,0.0027140263,0.06335402,0.0016848185999999998,0.30648077,0.28606158,0.35714287,0.2720187,0.5951493,0.44705883,0.31309298,0.35714287,0.2808298,0.16390318,1.0
0.9920949,0.7916667,0.0,0.0,0.15779467,0.0055410033,0.12422359,0.0041803014,0.2809192,0.26094005,0.3247423,0.25331253,0.6063433000000001,0.4082353,0.3643264,0.3247423,0.2753682,0.14577805,1.0
0.8972332000000001,0.75,0.0,0.0,0.049429666,0.0006258152999999999,0.052173898,0.00086023525,0.34314483,0.32090762,0.4013255,0.3024162,0.5708955,0.4917647,0.26565462,0.4013255,0.28958246,0.16849391,1.0
0.3992095,0.7,0.3333333,0.0,0.06273764,0.0015439446,0.054658387,0.0013573145,0.34288666,0.32739058,0.39617085,0.30085737,0.6175373000000001,0.46823528,0.25616696,0.39617085,0.28268683,0.18026511,1.0
0.9249012,0.7708333,0.0,0.0,0.05703422,0.0013444682999999998,0.049689434000000005,0.0008282796000000001,0.32946035,0.30470017,0.3880707000000001,0.29072484,0.5578358,0.49058828,0.2808349,0.3880707000000001,0.29423782,0.16276914,1.0
0.43083003,0.7125,0.0,0.0,0.08174907,0.001809005,0.057142865,0.0011243558,0.32326362,0.31118315,0.37334314,0.28137177,0.64738804,0.44823533,0.2580645,0.37334314,0.28764573,0.1870391,1.0
0.8221344,0.75,0.0,0.5,0.10456274,0.0023230198,0.1279503,0.004379542,0.3361735,0.32009724,0.3888071,0.29540140000000004,0.61567163,0.46352944,0.26565462,0.3888071,0.27976418,0.18118794,1.0
0.9249012,0.76666665,0.0,0.0,0.06463878,0.0021115695,0.067080714,0.0012539976,0.3369481,0.3119935,0.39543447,0.2985191,0.55410445,0.4917647,0.28273243,0.39543447,0.29058507,0.16168128,1.0
0.92885375,0.7583333000000001,0.0,0.0,0.09125471,0.0017006316,0.09068322,0.0023627954,0.34237024,0.31604537,0.40574375,0.30007794,0.54291046,0.5164706,0.25426945,0.40574375,0.30314395,0.16431277,1.0
0.7075099,0.7291667,0.3333333,0.0,0.051330846,0.0018131612,0.04347825,0.0012851156,0.34598503,0.32820097,0.4064801,0.2985191,0.6007463000000001,0.5035294,0.2163188,0.4064801,0.30616122,0.18233217,1.0
0.71146244,0.7291667,0.3333333,0.0,0.10076049,0.002734071,0.045962725,0.0012109997,0.34030467,0.32171798,0.4005891,0.29384255,0.59701496,0.50117654,0.2239089,0.4005891,0.30702683,0.18058191,1.0
0.51778656,0.7125,0.0,0.0,0.030418266,0.00066093565,0.04720497,0.0012783497,0.3033824,0.29335493,0.34830636,0.2650039,0.66791046,0.41882354,0.28463,0.34830636,0.2807636,0.18917094,1.0
0.5217391,0.7083333,0.0,0.0,0.08174907,0.0021826057,0.10683228,0.0020665054,0.28763232,0.27552673,0.3284242,0.25565082,0.65858203,0.39529416,0.3320683,0.3284242,0.2656194000000001,0.17556949,1.0
0.8932806000000001,0.76666665,0.3333333,0.0,0.08555134,0.0022572463,0.07826088,0.0020836869,0.33281696,0.3119935,0.3880707000000001,0.29384255,0.5839552,0.47529408,0.27893737,0.3880707000000001,0.28449497,0.16875564,1.0
0.55731225,0.71666664,0.3333333,0.0,0.03422053,0.0008764862400000001,0.034782602999999995,0.0010717044,0.30105862,0.29335493,0.34462446,0.2618862,0.6847015000000001,0.4117647,0.27893737,0.34462446,0.28154,0.19414325,1.0
0.6561265000000001,0.74583334,0.0,0.0,0.10456276,0.0008613166000000001,0.11304348,0.0020083361,0.35605475,0.32739058,0.41899854,0.31644583,0.52238804,0.5176470000000001,0.27324477,0.41899854,0.29895782,0.15637717,1.0
0.08695652,0.67083335,0.0,0.0,0.0456274,0.00090189633,0.20496894,0.0042245532,0.29512006,0.27714747,0.33946982,0.2650039,0.61567163,0.41411766,0.345351,0.33946982,0.26545405,0.15404896,1.0
0.55731225,0.725,0.3333333,0.0,0.07794680000000001,0.0017838503,0.06956522,0.0008421235,0.33333334,0.32009724,0.38586158,0.28994545,0.6361939999999999,0.46235293,0.2466793,0.38586158,0.28914437,0.18571682,1.0
0.78656125,0.7583333000000001,0.0,0.0,0.08745249,0.0020573721,0.103105575,0.0025915117,0.28711593,0.2730956,0.33136967,0.25331253,0.6455224,0.4117647,0.31878558,0.33136967,0.27987626,0.17600042,1.0
0.69960475,0.725,0.0,0.0,0.08935364,0.0018214522,0.06956522,0.0016425397,0.34185386,0.32090762,0.40206188,0.29773965,0.5802239,0.50117654,0.24098670000000005,0.40206188,0.30003616,0.17425704,1.0
0.91699606,0.775,0.0,0.5,0.13307979999999994,0.0028094770000000003,0.044720493,0.00091241836,0.34675962,0.32333872,0.4072165,0.30475447,0.5615671999999999,0.5035294,0.25616696,0.4072165,0.29465598,0.1680098,1.0
0.6640315999999999,0.7291667,0.0,1.0,0.07984793,0.0016738492,0.12298137,0.0018168977,0.34469402,0.32576984,0.40500736,0.2985191,0.5932835999999999,0.50235295,0.22580646,0.40500736,0.30344796,0.17959426,1.0
0.4624505999999999,0.70416665,0.0,0.0,0.066539936,0.001494367,0.06956522,0.0007852845,0.3384973,0.32171798,0.39101622,0.2985191,0.61007464,0.46352944,0.27134725,0.39101622,0.27882218,0.17595996,1.0
0.9209486,0.7625,0.0,1.0,0.04942969,0.001967553,0.08571428,0.002228481,0.33901370000000003,0.31361425,0.39985272,0.2985191,0.55037314,0.5035294,0.2675522,0.39985272,0.29836866,0.16322906,1.0
0.55731225,0.7125,0.3333333,0.0,0.03802282,0.0008414119400000001,0.06211179,0.0014795887,0.304157,0.2941653,0.35051548,0.26422447,0.66791046,0.42588234,0.27324477,0.35051548,0.28686288,0.19124784,1.0
0.94466406,0.76666665,0.0,0.0,0.06463878,0.001177209,0.040993813,0.0012330773,0.34056288,0.315235,0.40206188,0.29929852,0.55037314,0.5070587999999999,0.2618596,0.40206188,0.3003628,0.16471182,1.0
0.88142294,0.74583334,0.0,0.0,0.09885931,0.0021539484,0.06708076,0.0013344048999999998,0.33100954,0.30956239,0.3888071,0.28994545,0.5802239,0.48705882,0.2637571,0.3888071,0.29562140000000003,0.1709404,1.0
0.68379444,0.7375,0.0,0.0,0.09885931,0.002904382,0.08074532400000001,0.0016123443,0.35140717,0.33144245,0.4108984000000001,0.30709276,0.5839552,0.5,0.23908918,0.4108984000000001,0.29399088,0.17612293,1.0
0.9920949,0.76666665,0.0,0.0,0.08935364,0.0021088931,0.0832298,0.0015906854999999998,0.33230054,0.30956239,0.38954347,0.29306313,0.5708955,0.4847059,0.27703986,0.38954347,0.28878826,0.16662095,1.0
0.58498025,0.725,0.0,0.0,0.053231932,0.0010769736,0.06832297,0.0013888929000000002,0.34391943,0.33063206,0.3946981,0.3024162,0.6324626999999999,0.45647058,0.25996205,0.3946981,0.2758892,0.18322453,1.0
0.4624505999999999,0.7125,0.3333333,0.0,0.060836513,0.0013046658,0.05590066,0.0010285797,0.3137103,0.30388978,0.36008838,0.27357754,0.6660448,0.4282353,0.27134725,0.36008838,0.28187475,0.19029102,1.0
0.6679841999999999,0.7416666999999999,0.0,0.0,0.077946775,0.0013346287,0.054658387,0.0012873632,0.35631293,0.33387357,0.4197349,0.31021044,0.5652984999999999,0.52000004,0.22580646,0.4197349,0.30134642,0.17379627,1.0
0.7154149999999999,0.7291667,0.3333333,0.0,0.12547527,0.0020610294,0.039751526,0.0008953617,0.33772270000000004,0.31928688,0.39690724,0.2922837,0.5988806,0.49529412,0.23149905,0.39690724,0.30452195,0.17981897,1.0
0.03557312,0.67083335,0.0,0.0,0.14638782,0.004425611,0.14906828,0.005309385,0.31216112,0.2941653,0.3622975,0.27591583,0.61007464,0.44588235,0.29981023,0.3622975,0.27804413,0.1664898,1.0
0.90118575,0.76666665,0.0,0.0,0.14258553,0.0022969376,0.091925465,0.0016212845,0.33255875,0.30956239,0.39027983,0.29306313,0.56902987,0.48705882,0.27514229999999995,0.39027983,0.29027814,0.16644752,1.0
0.6956521999999999,0.74583334,0.0,0.0,0.032319400000000005,0.0008346723,0.031055909,0.0006871235,0.36534986,0.34521878,0.42783508,0.31800467,0.57835823,0.5176470000000001,0.2163188,0.42783508,0.29773334,0.17766285,1.0
0.94466406,0.75416666,0.0,0.0,0.08174902,0.0006523329,0.09813665,0.001716547,0.32042345,0.29578605,0.3851252,0.27513638,0.5615671999999999,0.5176470000000001,0.2333966,0.3851252,0.32560807,0.17251237,1.0
0.92885375,0.7625,0.0,0.0,0.09125473,0.0019483177,0.05465836,0.0012963129,0.3493416,0.32252836,0.4138439,0.30631334,0.5373134,0.5235294,0.24857683,0.4138439,0.30066735,0.16450481,1.0
0.45849803,0.7083333,0.3333333,0.0,0.06273764,0.001253135,0.06708076,0.0014821913,0.3268784,0.31361425,0.37702504,0.28604832,0.6380597,0.44941175,0.26565462,0.37702504,0.28328654,0.18384264,1.0
0.7312253000000001,0.7375,0.0,0.0,0.0627376,0.0012710369,0.043478232,0.00090499484,0.3483088,0.32901132,0.4072165,0.30397505,0.5895523,0.49647057,0.23908918,0.4072165,0.29477406,0.17639689,1.0
0.031620555,0.6666667,0.0,0.0,0.05133078,0.0010139362,0.06211179,0.0011844517,0.32016525,0.29902753,0.37923416,0.27747467,0.5858209,0.49058828,0.25237194,0.37923416,0.30794257,0.17349543,1.0
0.74703556,0.7375,0.0,0.0,0.06844109,0.0015765278,0.050931665999999993,0.001285116,0.34650144,0.32576984,0.40942565,0.29929852,0.5802239,0.5152941,0.21821633,0.40942565,0.30923617,0.17788681,1.0
0.9604743,0.7625,0.0,0.0,0.058935355,0.0011529684,0.050931677,0.001469788,0.34675962,0.3241491,0.40868926,0.3024162,0.5671642,0.5105882,0.23908918,0.40868926,0.30085307,0.17162947,1.0
0.8063241,0.7625,0.0,0.0,0.055133067,0.0012103327,0.120496884,0.0021953734,0.28789052,0.27066448,0.33431515,0.2548714,0.6231344,0.42235294,0.32447818,0.33431515,0.28055963,0.16898867,1.0
0.34387353,0.70416665,0.0,0.0,0.05133078,0.00094472204,0.08571425,0.0020836862,0.35140717,0.3298217,0.4131075,0.30631334,0.57276124,0.5105882,0.2333966,0.4131075,0.3009182,0.17383176,1.0
0.24110672,0.69166666,0.0,0.0,0.043726265,0.0008871616400000002,0.037267093,0.0006800759,0.35605475,0.33792543,0.41826215,0.30709276,0.5951493,0.51411766,0.20493358,0.41826215,0.30621472,0.18268146,1.0
0.0039525693,0.6666667,0.0,0.0,0.066539936,0.0012288578,0.081987575,0.0022555557,0.31913248,0.29902753,0.37334314,0.28059235,0.5932835999999999,0.46705884,0.28273243,0.37334314,0.28798285,0.16976753,1.0
0.6640315999999999,0.74583334,0.0,0.0,0.106463894,0.0018245515,0.06459628,0.0015105249,0.36638266,0.3419773,0.43078056,0.32112238,0.54850745,0.52705884,0.23149905,0.43078056,0.2970586,0.16944836,1.0
0.12252964,0.675,0.0,0.0,0.058935348,0.0017964708,0.20124222,0.004868604,0.3038988,0.2884927,0.35051548,0.26890102,0.63059705,0.42705885,0.3092979,0.35051548,0.26691392,0.17548734,1.0
0.8063241,0.74583334,0.0,0.0,0.04372622,0.0010064805,0.03602483,0.0008106413300000001,0.34495223,0.32658023,0.40206188,0.3016368,0.59701496,0.48705882,0.2466793,0.40206188,0.29078844,0.17737743,1.0
0.80237156,0.7625,0.0,0.0,0.08935362,0.0019415418,0.1142857,0.0024645901,0.28608313,0.26985413,0.32989693,0.2548714,0.63059705,0.40941176,0.33776093,0.32989693,0.27541482,0.16770725,1.0
0.7351779,0.104166664,0.0,0.0,0.013307983,0.0002530197,0.011180121,0.00020116926,0.05241415,0.034846026,0.086156115,0.033515196000000004,0.69589555,0.30588236,0.43833017,0.086156115,0.6486569000000001,0.15896210000000002,2.0
0.8853754999999999,0.104166664,0.0,0.0,0.01520913,0.00027443832,0.008695653000000001,0.0002364018,0.055254325,0.036466774,0.09057438,0.035853468,0.6865671,0.31411764,0.4345351,0.09057438,0.63492066,0.15728150000000002,2.0
0.8735178,0.55833334,0.0,0.0,0.0,0.0,0.0,1.1465222e-11,0.0,0.0,0.0,0.0,0.8339552,0.13176471,0.57874763,0.0,0.0,0.5110544,2.0
0.9525692,0.5708333000000001,0.0,0.0,0.0,0.0,0.0,1.1465222e-11,0.0,0.0,0.0,0.0,0.8339552,0.13176471,0.57874763,0.0,0.0,0.5110544,2.0
0.49011856,0.575,0.0,0.0,0.0,0.0,0.0,1.1465222e-11,0.0,0.0,0.0,0.0,0.8339552,0.13176471,0.57874763,0.0,0.0,0.5110544,2.0
0.78656125,0.083333336,0.0,0.0,0.07224334,0.001233447,0.11304346,0.0019320425,0.07849213,0.06077796200000001,0.10972018,0.06235386,0.6865671,0.3,0.4573055,0.10972018,0.5009438,0.14642881,2.0
0.8695652,0.079166666,0.0,0.0,0.036121674,0.00086131674,0.037267078,0.0011779262,0.059127294,0.044570502000000005,0.08689248599999999,0.043647703,0.7145522,0.27882355,0.4629981,0.08689248599999999,0.5185864,0.16522783,2.0
0.94466406,0.21666667,0.0,0.0,0.01901141,0.0005488769,0.008695656999999999,0.00028108892999999995,0.062483866,0.04619125,0.09278351,0.045985967,0.70149255,0.2917647,0.45540798,0.09278351,0.54770046,0.15484159,2.0
0.53754944,0.5416667,0.0,0.0,0.001901141,0.00013721918,0.001242236,9.816051e-05,0.00025819778,0.0,0.000736377,0.0,0.83208954,0.13411765,0.5768501,0.000736377,0.11111111,0.15944853,2.0
0.7430829999999999,0.2375,0.0,0.0,0.03802282,0.0005886045999999999,0.023602486,0.00038520957,0.04802479,0.041329008,0.06848307,0.032735776,0.77238804,0.24117649,0.46489564,0.06848307,0.534151,0.21218622,2.0
0.8735178,0.2125,0.0,0.0,0.009505705,0.00025301962,0.014906832,0.0004023383,0.044668216,0.029983792,0.075846836,0.025720967,0.7182835999999999,0.2917647,0.43833017,0.075846836,0.68080807,0.16956207,2.0
0.5019763,0.5541666999999999,0.0,0.0,0.0,0.0,0.0,1.1465222e-11,0.0,0.0,0.0,0.0,0.8339552,0.13176471,0.57874763,0.0,0.0,0.5110544,2.0
0.7312253000000001,0.32916668,0.0,0.0,0.15209125,0.0014676676000000002,0.014906832,0.00034003792,0.0699716,0.055105347,0.0994109,0.053000778,0.70895517,0.28941178,0.4516129,0.0994109,0.5339284000000001,0.16404328,2.0
0.7233202,0.55833334,0.0,0.0,0.024714831,0.0006167233999999999,0.004968944,0.000196321,0.0038729669,0.0024311184,0.008100147,0.0007794232000000001,0.8227612,0.15294118,0.5559772,0.008100147,0.5277778000000001,0.18856749,2.0
0.8102767,0.004166667,0.0,0.0,0.08935361,0.0014943667,0.10062111,0.0024223977,0.07978312,0.061588332,0.11708396,0.057677317,0.6828358,0.32941177,0.41366223,0.11708396,0.5437746999999999,0.16447027,2.0
0.7944664,0.21666667,0.0,0.0,0.013307991000000002,0.00033046769999999995,0.009937893,0.00019632108,0.042344436,0.029173419,0.06995582,0.025720967,0.72947764,0.27411765,0.45540798,0.06995582,0.65353537,0.16781315,2.0
0.7707510000000001,0.35,0.0,0.0,0.058935355,0.0011332012,0.029813666000000006,0.0009124175,0.053188745,0.049432736,0.071428575,0.037412316,0.7910448,0.23176472,0.46110055,0.071428575,0.51256585,0.2173899,2.0
0.78656125,0.008333334,0.0,0.0,0.0608365,0.0018734311,0.0062111774,0.00018099904,0.06480764,0.044570502000000005,0.10530192,0.04130943,0.6735075,0.34117648,0.4041746,0.10530192,0.63273925,0.16285007,2.0
0.8774704,0.57916665,0.0,0.0,0.0,0.0,0.0,1.1465222e-11,0.0,0.0,0.0,0.0,0.8339552,0.13176471,0.57874763,0.0,0.0,0.5110544,2.0
0.7905138,0.09583333,0.0,0.0,0.14638785,0.0030836172,0.009937893,0.00029119125,0.09579138,0.07131280000000001,0.13843888,0.0740452,0.63432837,0.35882354,0.41555977,0.13843888,0.5448579000000001,0.14795275,2.0
0.90909094,0.33333334,0.0,0.0,0.017110264,0.00028121547000000004,0.012422356,0.00012416427,0.04182804,0.033225283,0.06480118,0.025720967,0.76119405,0.2517647,0.45920303,0.06480118,0.62065095,0.18622287,2.0
0.67193675,0.325,0.0,0.0,0.0,0.0,0.0,1.1465222e-11,0.0,0.0,0.0,0.0,0.8339552,0.13176471,0.57874763,0.0,0.0,0.5110544,2.0
0.78656125,0.56666666,0.0,0.0,0.007604563000000002,0.00054887665,0.009937889,0.0004966572,0.0020655822,0.0016207454999999998,0.002945508,0.0015588464000000002,0.8302238999999999,0.13647060000000005,0.57495254,0.002945508,0.11111111,0.15944853,2.0
0.68379444,0.5875,0.0,0.0,0.0,0.0,0.0,1.1465222e-11,0.0,0.0,0.0,0.0,0.8339552,0.13176471,0.57874763,0.0,0.0,0.5110544,2.0
0.8181818000000001,0.09583333,0.0,0.0,0.05893537,0.0017454360999999998,0.009937889,0.00036199795,0.10069714,0.07860616,0.13917527,0.081060015,0.6492536999999999,0.34,0.43074,0.13917527,0.479958,0.14803484,2.0
0.8577075000000001,0.56666666,0.0,0.0,0.0,0.0,0.0,1.1465222e-11,0.0,0.0,0.0,0.0,0.8339552,0.13176471,0.57874763,0.0,0.0,0.5110544,2.0
0.7351779,0.3125,0.0,0.0,0.036121674,0.0010717157,0.06832297,0.00183379,0.0467338,0.034035657000000004,0.07216495,0.031956352,0.73134327,0.2647059,0.4686907,0.07216495,0.5942257,0.16615033,2.0
0.99604744,0.57916665,0.0,0.0,0.0,0.0,0.0,1.1465222e-11,0.0,0.0,0.0,0.0,0.8339552,0.13176471,0.57874763,0.0,0.0,0.5110544,2.0
0.6679841999999999,0.55,0.0,0.0,0.0,0.0,0.0,1.1465222e-11,0.0,0.0,0.0,0.0,0.8339552,0.13176471,0.57874763,0.0,0.0,0.5110544,2.0
0.61264825,0.59583336,0.0,0.0,0.009505704,0.0003304675,0.017391302,0.00039264196,0.012135296,0.0072933547,0.023564065,0.0046765395,0.7966418000000001,0.18941177,0.5237192,0.023564065,0.8388889,0.17727621,2.0
0.6956521999999999,0.09166667,0.0,0.0,0.05703422,0.0015907953,0.096894406,0.0021452054,0.060934678,0.047001623,0.08689248599999999,0.04676539,0.7182835999999999,0.27058825,0.47248578,0.08689248599999999,0.547103,0.16587424,2.0
0.9802371,0.19583334,0.0,0.0,0.045627378,0.00095068227,0.0062111774,0.00023640173,0.061709266,0.04376013,0.096465394,0.042088855,0.69029856,0.31294120000000003,0.43263757,0.096465394,0.6077675,0.16096842,2.0
0.7154149999999999,0.11666667,0.0,0.0,0.18821295,0.005785704,0.013664593,0.0006346365,0.06635683,0.053484604000000005,0.09499264,0.04832424,0.72388065,0.28470588,0.44402274,0.09499264,0.5760211,0.16921365,2.0
0.6086956,0.12083333,0.0,0.0,0.06463878599999999,0.0020900602,0.0012422357,9.816049e-05,0.008778725,0.008914100000000001,0.010309279,0.007014809,0.83208954,0.14117648,0.56546485,0.010309279,0.11666667,0.24735,2.0
0.8656126000000001,0.20833333,0.0,0.0,0.009505703,0.00013721916,0.0124223605,0.00019632098,0.04802479,0.033225283,0.07952872,0.028838659,0.7164179,0.29411766,0.43643266,0.07952872,0.65589225,0.16867119,2.0
0.8102767,0.22083333,0.0,0.0,0.0019011389,0.00013721903,0.0062111793,9.816051e-05,0.03976246,0.026742302000000003,0.06848307,0.021823851,0.73134327,0.27882355,0.4459203,0.06848307,0.6979798,0.17270549,2.0
0.6284585,0.35,0.0,0.0,0.110266164,0.0035740256,0.0049689445,0.00029119110000000003,0.0149754705,0.015397083,0.016936673,0.012470772,0.83208954,0.14470589,0.5597723000000001,0.016936673,0.10119048,0.23759423,2.0
0.8102767,0.20833333,0.0,0.0,0.019011406,0.0004070578,0.011180121,0.00033142787,0.049315777000000005,0.034035657000000004,0.081001475,0.030397506,0.7126866,0.29529414,0.43833017,0.081001475,0.64589113,0.16711691,2.0
0.7075099,0.54583335,0.0,0.0,0.0057034227,0.00028121562000000004,0.002484472,0.00012416431999999998,0.0007745933000000001,0.0,0.0022091311,0.0,0.82835823,0.13882354,0.573055,0.0022091311,0.22222222,0.15944853,2.0
0.6205534,0.59583336,0.0,0.0,0.032319392999999995,0.0010925956,0.004968943,0.00029119107000000004,0.0043893624,0.003241491,0.008100147,0.0015588464000000002,0.82462686,0.15058824,0.55787474,0.008100147,0.2777778,0.19860491,2.0
0.90909094,0.079166666,0.0,0.5,0.024714828,0.0007182737,0.067080736,0.0020174312,0.049057577000000005,0.034846026,0.07731959,0.032735776,0.7201491999999999,0.27882355,0.4573055,0.07731959,0.6137184,0.16735888,2.0
0.9525692,0.225,0.0,0.0,0.019011399,0.00027443856,0.022360247000000003,0.00030413904,0.062225666,0.044570502000000005,0.09499264,0.044427123,0.6921641,0.3035294,0.4459203,0.09499264,0.5834604999999999,0.15483467,2.0
0.63241106,0.325,0.0,0.0,0.15969582,0.005159149,0.0037267113,0.0002011693,0.021688614,0.02106969,0.02503682,0.018706158,0.8227612,0.15294118,0.5559772,0.02503682,0.0976431,0.19368105,2.0
0.9525692,0.5708333000000001,0.0,0.0,0.0,0.0,0.0,1.1465222e-11,0.0,0.0,0.0,0.0,0.8339552,0.13176471,0.57874763,0.0,0.0,0.5110544,2.0
0.541502,0.5541666999999999,0.0,0.0,0.030418253,0.00086785026,0.0062111802,0.0003852096,0.0046475604,0.0040518640000000005,0.0066273934,0.003117693,0.82835823,0.14235294,0.5673623999999999,0.0066273934,0.37037036,0.19136673,2.0
0.88932806,0.32916668,0.0,0.0,0.026615968,0.00062581553,0.008695651,0.00018099908,0.05009037,0.037277147,0.0802651,0.030397506,0.72947764,0.28823528,0.43263757,0.0802651,0.6410182,0.17705055,2.0
0.46640316,0.59166664,0.0,0.0,0.1730038,0.0055856793,0.0012422348,9.816041e-05,0.023495998,0.021880064,0.025773196,0.022603273,0.8152984999999999,0.14823529,0.5711575,0.025773196,0.08501683,0.13807392,2.0
0.77470356,0.5541666999999999,0.0,0.0,0.032319392999999995,0.0007182737,0.008695651,0.00035392272000000005,0.004905758,0.0024311184,0.011045655,0.0007794232000000001,0.8152984999999999,0.16235295,0.54838705,0.011045655,0.8611110999999999,0.17748833,2.0
0.50988144,0.55833334,0.0,0.0,0.0,0.0,0.0,1.1465222e-11,0.0,0.0,0.0,0.0,0.8339552,0.13176471,0.57874763,0.0,0.0,0.5110544,2.0
0.7351779,0.325,0.0,0.0,0.1026616,0.0016189533,0.024844717,0.0007704192,0.058869097,0.04619125,0.086156115,0.042088855,0.72761196,0.2764706,0.45351043,0.086156115,0.548545,0.16792823,2.0
0.69960475,0.1,0.0,0.0,0.015209128,0.00034714016,0.008695646999999999,0.00018099885,0.09398399,0.07536467,0.12739322,0.07638348,0.6753731,0.31411764,0.4459203,0.12739322,0.4592879,0.14955418,2.0
0.6798419,0.34166667,0.0,0.0,0.0,0.0,0.0,1.1465222e-11,0.0,0.0,0.0,0.0,0.8339552,0.13176471,0.57874763,0.0,0.0,0.5110544,2.0
0.8774704,0.2125,0.0,0.0,0.011406847,0.00030063215,0.009937887,0.00036199804,0.044926416,0.029983792,0.075846836,0.026500389,0.7164179,0.29058823,0.44212523,0.075846836,0.6703704,0.16711691,2.0
0.66007906,0.12083333,0.0,0.0,0.0,0.0,0.0,1.1465222e-11,0.0,0.0,0.0,0.0,0.8339552,0.13176471,0.57874763,0.0,0.0,0.5110544,2.0
0.63241106,0.5541666999999999,0.0,0.0,0.0,0.0,0.0,1.1465222e-11,0.0,0.0,0.0,0.0,0.8339552,0.13176471,0.57874763,0.0,0.0,0.5110544,2.0
0.8853754999999999,0.32916668,0.0,0.0,0.013307987,0.00025301953,0.012422361000000002,0.0003285079,0.045959204,0.034035657000000004,0.07437408,0.027279813,0.73694026,0.27882355,0.44022772,0.07437408,0.65115255,0.17739974,2.0
0.7430829999999999,0.5416667,0.0,0.0,0.0,0.0,0.0,1.1465222e-11,0.0,0.0,0.0,0.0,0.8339552,0.13176471,0.57874763,0.0,0.0,0.5110544,2.0
0.5256917,0.5708333000000001,0.0,0.0,0.003802282,0.00017357005,0.001242236,9.816051e-05,0.00025819778,0.0,0.000736377,0.0,0.83208954,0.13411765,0.5768501,0.000736377,0.11111111,0.15944853,2.0
0.65217394,0.104166664,0.0,0.0,0.0,0.0,0.0,1.1465222e-11,0.0,0.0,0.0,0.0,0.8339552,0.13176471,0.57874763,0.0,0.0,0.5110544,2.0
0.9486166,0.55833334,0.0,0.0,0.0,0.0,0.0,1.1465222e-11,0.0,0.0,0.0,0.0,0.8339552,0.13176471,0.57874763,0.0,0.0,0.5110544,2.0
0.798419,0.20833333,0.0,0.0,0.005703425,0.0002812157,0.016149065,0.00031958756,0.04879938,0.032414913,0.081737846,0.029618083,0.70522386,0.3011765,0.43643266,0.081737846,0.66625965,0.16384554,2.0
0.9130435,0.575,0.0,0.0,0.0,0.0,0.0,1.1465222e-11,0.0,0.0,0.0,0.0,0.8339552,0.13176471,0.57874763,0.0,0.0,0.5110544,2.0
0.7154149999999999,0.5875,0.0,0.0,0.026615974,0.0009895014,0.018633539,0.00078651,0.0054221535,0.0024311184,0.011045655,0.0023382697,0.8115671999999999,0.16000001,0.5559772,0.011045655,0.70555556,0.15944853,2.0
0.8498024,0.5833333,0.0,0.0,0.0057034222,0.00028121562000000004,0.0024844722,0.00012416431999999998,0.0007745933000000001,0.0,0.0022091311,0.0,0.82835823,0.13882354,0.573055,0.0022091311,0.22222222,0.15944853,2.0
0.8656126000000001,0.575,0.0,0.0,0.003802282,0.00017357005,0.0024844722,0.00012416431999999998,0.00025819778,0.0,0.000736377,0.0,0.83208954,0.13411765,0.5768501,0.000736377,0.11111111,0.15944853,2.0
0.6403161999999999,0.5875,0.0,0.0,0.0,0.0,0.0,1.1465222e-11,0.0,0.0,0.0,0.0,0.8339552,0.13176471,0.57874763,0.0,0.0,0.5110544,2.0
0.513834,0.5541666999999999,0.0,0.0,0.0,0.0,0.0,1.1465222e-11,0.0,0.0,0.0,0.0,0.8339552,0.13176471,0.57874763,0.0,0.0,0.5110544,2.0
0.7075099,0.5416667,0.0,0.0,0.001901141,0.00013721918,0.001242236,9.816051e-05,0.00025819778,0.0,0.000736377,0.0,0.83208954,0.13411765,0.5768501,0.000736377,0.11111111,0.15944853,2.0
0.8853754999999999,0.19583334,0.0,0.0,0.01140685,0.00042515807,0.009937889,0.00024832864,0.058094498,0.040518638,0.09351988,0.037412316,0.69402987,0.31529415,0.42504743,0.09351988,0.62222224,0.16378510000000002,2.0
0.6679841999999999,0.59583336,0.0,0.0,0.0038022816,0.00017357005,0.001242236,9.816051e-05,0.00051639555,0.0,0.001472754,0.0,0.8302238999999999,0.13647060000000005,0.57495254,0.001472754,0.22222222,0.15944853,2.0
0.9367589,0.20833333,0.0,0.0,0.022813685,0.00047534108,0.016149065,0.0003539227,0.061192874,0.042949755,0.09499264,0.04286828,0.6884328000000001,0.3082353,0.44212523,0.09499264,0.5888227,0.15484159,2.0
0.7430829999999999,0.2125,0.0,0.0,0.013307987,0.00025301953,0.009937887,0.00024832855,0.053188745,0.036466774,0.08689248599999999,0.033515196000000004,0.70149255,0.30588236,0.43263757,0.08689248599999999,0.6359381,0.16405548,2.0
0.9525692,0.19166666,0.0,0.5,0.08365017,0.002373534,0.2074534,0.0019909886,0.107152075,0.082658015,0.13843888,0.097427905,0.63059705,0.30705884,0.5028463,0.13843888,0.46630767,0.11307718,2.0
0.88932806,0.5541666999999999,0.0,0.0,0.0,0.0,0.0,1.1465222e-11,0.0,0.0,0.0,0.0,0.8339552,0.13176471,0.57874763,0.0,0.0,0.5110544,2.0
0.7826086999999999,0.5541666999999999,0.0,0.0,0.0114068445,0.00052071,0.007453416,0.00026339226000000003,0.0030983733000000003,0.00081037276,0.0073637706000000015,0.0007794232000000001,0.8171642,0.15294118,0.5616698,0.0073637706000000015,0.7407406999999999,0.15944853,2.0
0.6679841999999999,0.2125,0.0,0.0,0.0,0.0,0.0,1.1465222e-11,0.0,0.0,0.0,0.0,0.8339552,0.13176471,0.57874763,0.0,0.0,0.5110544,2.0
0.48221344,0.5875,0.0,0.0,0.0,0.0,0.0,1.1465222e-11,0.0,0.0,0.0,0.0,0.8339552,0.13176471,0.57874763,0.0,0.0,0.5110544,2.0
0.63241106,0.59583336,0.0,0.0,0.0,0.0,0.0,1.1465222e-11,0.0,0.0,0.0,0.0,0.8339552,0.13176471,0.57874763,0.0,0.0,0.5110544,2.0
0.63241106,0.56666666,0.0,0.0,0.0,0.0,0.0,1.1465222e-11,0.0,0.0,0.0,0.0,0.8339552,0.13176471,0.57874763,0.0,0.0,0.5110544,2.0
0.9644269,0.5375,0.0,0.0,0.005703422,0.0002812156,0.013664595,0.0005358521,0.0028401755,0.0016207454999999998,0.0051546395000000005,0.0015588464000000002,0.82462686,0.14352942,0.56925994,0.0051546395000000005,0.24074075,0.15944853,2.0
0.8577075000000001,0.22083333,0.0,0.0,0.051330812,0.001139828,0.040993787,0.0014163716,0.05577072,0.044570502000000005,0.08321060000000001,0.037412316,0.73880595,0.2764706,0.44212523,0.08321060000000001,0.5791423000000001,0.18112999,2.0
0.68379444,0.55833334,0.0,0.0,0.0,0.0,0.0,1.1465222e-11,0.0,0.0,0.0,0.0,0.8339552,0.13176471,0.57874763,0.0,0.0,0.5110544,2.0
0.84189725,0.55,0.0,0.0,0.003802282,0.00017357005,0.009937887,0.00012416435,0.0046475604,0.0016207454999999998,0.011782032,0.0,0.8115671999999999,0.16705883,0.544592,0.011782032,0.8888889000000001,0.17748833,2.0
0.7312253000000001,0.004166667,0.0,0.0,0.015209122,0.00027443827,0.05217391,0.0014184105,0.043635424000000006,0.028363045,0.07511046,0.024941543,0.7145522,0.29294118,0.44022772,0.07511046,0.6873016,0.16556224,2.0
0.73913044,0.32083333,0.0,0.0,0.022813689,0.00047534108,0.0074534137,0.00021505891,0.05112316,0.037277147,0.081001475,0.032735776,0.7220149,0.28705883,0.44212523,0.081001475,0.61790985,0.16929074,2.0
0.71936756,0.33333334,0.0,0.0,0.09125476,0.00090189633,0.0111801205,0.0003950883,0.10069714,0.080226906,0.13917527,0.07950117,0.6604478,0.34,0.41935486,0.13917527,0.47678283,0.15372896,2.0
0.6086956,0.2375,0.0,0.0,0.11787073,0.0038185406,0.003726708,0.00020116915,0.016008263000000002,0.015397083,0.019145804,0.0132501945,0.82462686,0.15058824,0.55787474,0.019145804,0.11574074,0.19860491,2.0
0.6284585,0.125,0.0,0.0,0.02851711,0.0008164251,0.0049689445,0.0001241643,0.004905758,0.0040518640000000005,0.008100147,0.0023382697,0.82649255,0.14823529,0.5597723000000001,0.008100147,0.537037,0.20129661,2.0
0.7430829999999999,0.54583335,0.0,0.0,0.0,0.0,0.0,1.1465222e-11,0.0,0.0,0.0,0.0,0.8339552,0.13176471,0.57874763,0.0,0.0,0.5110544,2.0
0.5217391,0.5416667,0.0,0.0,0.0038022816,0.00017357005,0.0024844722,0.0001241643,0.00051639555,0.0,0.001472754,0.0,0.8302238999999999,0.13647060000000005,0.57495254,0.001472754,0.22222222,0.15944853,2.0
0.6798419,0.5875,0.0,0.0,0.0,0.0,0.0,1.1465222e-11,0.0,0.0,0.0,0.0,0.8339552,0.13176471,0.57874763,0.0,0.0,0.5110544,2.0
0.7430829999999999,0.5541666999999999,0.0,0.0,0.0,0.0,0.0,1.1465222e-11,0.0,0.0,0.0,0.0,0.8339552,0.13176471,0.57874763,0.0,0.0,0.5110544,2.0
0.7786561,0.5708333000000001,0.3333333,0.0,0.05703422,0.0008503159,0.024844717,0.0007078455499999999,0.012393493,0.008103728000000001,0.021354934,0.007014809,0.80037314,0.17764707,0.5388994,0.021354934,0.61296296,0.16771574,2.0
0.92885375,0.1125,0.3333333,0.0,0.045627378,0.0015031606,0.06583851,0.0016548121,0.10069714,0.07374392,0.14580265,0.07872175,0.61567163,0.37176472,0.41366223,0.14580265,0.54723245,0.14287843,2.0
0.6798419,0.23333333,0.0,0.0,0.038022816,0.0012516313,0.0049689445,0.00024832864,0.0051639555,0.0056726094,0.0073637706000000015,0.0023382697,0.8358209000000001,0.14352942,0.55787474,0.0073637706000000015,0.23148148,0.2571058,2.0
0.82608694,0.59166664,0.0,0.0,0.0,0.0,0.0,1.1465222e-11,0.0,0.0,0.0,0.0,0.8339552,0.13176471,0.57874763,0.0,0.0,0.5110544,2.0
0.18972331,0.12916666,0.0,0.0,0.0893536,0.00093671546,0.029813677,0.00064517703,0.41053447,0.36953,0.494109,0.36087292,0.41977614,0.62941176,0.19734344,0.494109,0.3229307,0.15418713,3.0
0.73913044,0.25833333,0.0,0.0,0.036121666,0.0009367154,0.050931692,0.0014379761,0.2801446,0.26012966,0.32989693,0.24629773,0.6063433000000001,0.4364706,0.31878558,0.32989693,0.2970959,0.16606824,3.0
0.54545456,0.35,0.0,0.0,0.12357413,0.0025457751,0.15776396,0.0041295127,0.3266202,0.3128039,0.37334314,0.28994545,0.63432837,0.4329412,0.29601517,0.37334314,0.2645714,0.18019736,3.0
0.35968378,0.24583334,0.3333333,0.0,0.0380228,0.0013721904,0.01739128,0.00047280316,0.42602634,0.38978928,0.5103093,0.37100545,0.4477612,0.6364706,0.15749528,0.5103093,0.31436473,0.1634043,3.0
0.6640315999999999,0.44166666,0.0,0.0,0.041825086,0.0006258152,0.024844717,0.00093329936,0.21791893,0.20016207,0.25846833,0.19173811,0.641791,0.37764704,0.3776091,0.25846833,0.30714995,0.16036868,3.0
0.24505928,0.033333335,0.0,0.0,0.0836502,0.0011962472,0.03229814,0.0006391744,0.31500128,0.27714747,0.38954347,0.2720187,0.47201493,0.56352943,0.25047440000000004,0.38954347,0.35522667,0.152854,3.0
0.26877472,0.2375,0.0,0.0,0.028517067000000007,0.0008700167999999999,0.017391293999999998,0.00042106112,0.3924606,0.3589951,0.47054493,0.3413874,0.47761196,0.59882355,0.18785578,0.47054493,0.31602636,0.16362108,3.0
0.5928854,0.325,0.0,0.0,0.28707227,0.0046155415000000005,0.016149063,0.00028108936,0.2210173,0.1993517,0.27172312,0.187841,0.6138060000000001,0.42705885,0.3263757,0.27172312,0.35127252,0.16748218,3.0
0.6679841999999999,0.6166666999999999,0.3333333,0.0,0.07794677,0.0014326103,0.036024842,0.0008523588000000001,0.14304157,0.14829822,0.14801179,0.13250194,0.82462686,0.18941177,0.49525616,0.14801179,0.15127982,0.24300481,3.0
0.7075099,0.4375,0.0,0.0,0.1007605,0.0016247585999999998,0.029813655,0.0005889631,0.23134520000000006,0.21231766,0.27614140000000004,0.20187062,0.62873137,0.40117648,0.3529412,0.27614140000000004,0.30946052,0.16386075,3.0
0.22529644,0.40833333,0.0,0.0,0.039923955,0.0006288174,0.023602478,0.0003539228,0.2915053,0.26337114,0.35567012,0.25019485,0.5466418000000001,0.5082353000000001,0.2637571,0.35567012,0.33496170000000003,0.16377161,3.0
0.7509880999999999,0.375,0.0,0.0,0.038022846,0.0007858717999999999,0.024844723,0.0008557433599999999,0.3139685,0.28444085,0.3784978,0.27357754,0.5298508000000001,0.5152941,0.2694497,0.3784978,0.32273299,0.15946406,3.0
0.09090909,0.016666668,0.0,0.0,0.028517155,0.0006969863,0.02484471,0.00039264106,0.4885102,0.44489464,0.57952875,0.43335932,0.37686568,0.68352944,0.15370019,0.57952875,0.30227023,0.15431373,3.0
0.59683794,0.3625,0.0,0.0,0.23954378,0.0039197635,0.023602491,0.0005570122,0.20061968,0.1815235,0.24594992,0.1706937,0.6380597,0.39647058,0.35104367,0.24594992,0.34639803,0.16808674,3.0
0.16996047,0.1625,0.0,0.0,0.039923977,0.00096834276,0.023602521,0.0002810891,0.45391172,0.41815233,0.5324005999999999,0.40452066,0.44216418,0.61529416,0.19734344,0.5324005999999999,0.29016516,0.15720074,3.0
0.4110672,0.24166666,0.0,0.0,0.08555137,0.0015439446,0.040993772000000005,0.0010617683,0.41518205,0.38978928,0.48527247,0.36477005,0.5261194,0.5658823000000001,0.19165087,0.48527247,0.28965253,0.17145757,3.0
0.1027668,0.19166666,0.3333333,0.0,0.024714844,0.00033046483,0.016149076000000002,0.000281087,0.4905758,0.4376013,0.5972018,0.42790335,0.3115672,0.7588235,0.09867174,0.5972018,0.33538663,0.15367249,3.0
0.20158103,0.09166667,0.0,0.0,0.4752852,0.013132957,0.006211185,0.0001809993,0.24967726,0.22852512,0.3019146,0.21434139,0.6082088999999999,0.44117644,0.3092979,0.3019146,0.33727008,0.17018723,3.0
0.17391305,0.23333333,0.0,0.0,0.02281371,0.000300631,0.023602448,0.00046664907,0.4513297000000001,0.4165316,0.53313696,0.39750585,0.44962686,0.6305883000000001,0.1650854,0.53313696,0.29814535,0.16242552,3.0
0.2806324,0.0875,0.3333333,0.5,0.134981,0.0027257965,0.050931677,0.0014218034,0.39297703,0.35413290000000003,0.48232695,0.335152,0.44029853,0.65294117,0.13851991,0.48232695,0.3444093,0.16512088,3.0
0.55731225,0.45,0.0,0.0,0.18060838,0.00086131727,0.023602478,0.00044117638,0.31809968,0.29659644,0.37113404,0.2821512,0.5839552,0.46117648,0.3017078,0.37113404,0.2807703,0.16454484,3.0
0.9604743,0.5125,0.3333333,0.0,0.0722434,0.0011381758,0.02236026,0.0005267841999999999,0.31164473,0.27066448,0.38586158,0.2720187,0.45149252,0.5611765000000001,0.27514229999999995,0.38586158,0.36128438,0.145858,3.0
0.4624505999999999,0.41666666,0.0,0.0,0.041825112000000005,0.0010557848,0.012422355,0.00019632089,0.43403047,0.41166934,0.49926364,0.3858145,0.5410448,0.5470588000000001,0.20683111,0.49926364,0.2692176,0.17292407,3.0
0.3043478,0.30833334,0.0,0.0,0.18821292,0.002123132,0.14534159,0.003316895,0.3408211,0.30956239,0.4079529000000001,0.29929852,0.50932837,0.53411764,0.25996205,0.4079529000000001,0.31522787,0.15895025,3.0
0.0039525693,0.35,0.3333333,0.0,0.07034224,0.0013514514000000002,0.019875813,0.0006570158999999999,0.3878131,0.34602916,0.47496322,0.335152,0.4216418,0.6411765,0.1764706,0.47496322,0.3377558,0.15718837,3.0
0.4466403000000001,0.55833334,0.3333333,0.0,0.07414447,0.0013232938,0.022360232,0.0005043577400000001,0.42602634,0.38249594,0.50883657,0.3795791,0.39738807,0.62941176,0.22011386,0.50883657,0.31713998,0.14740215,3.0
0.5533597,0.025,0.3333333,1.0,0.12737644,0.004486458,0.11180124,0.0016727657,0.31087014,0.2941653,0.35787925,0.27669522,0.61940295,0.43058822,0.31499052,0.35787925,0.26818594,0.17025112,3.0
0.08300395,0.475,0.0,0.0,0.077946775,0.0018214517,0.054658387,0.00096975424,0.40588692,0.36628848,0.48895437,0.35541698,0.43097016,0.6258824000000001,0.19165087,0.48895437,0.32390848,0.15637161,3.0
0.90118575,0.37916666,0.0,0.0,0.030418243,0.0007260955,0.17763974,0.0039138854,0.29821846,0.26985413,0.36082473,0.2587685,0.54291046,0.50235295,0.27703986,0.36082473,0.31827116,0.16042492,3.0
0.9051383,0.44166666,0.0,0.0,0.112167336,0.00093671546,0.03229811,0.0006208216700000001,0.27214047,0.24473259,0.32989693,0.23694466,0.5578358,0.47294116,0.3092979,0.32989693,0.33502588,0.1574609,3.0
0.31225297,0.275,0.0,0.0,0.047528487,0.0010717154,0.014906832,0.0004023387,0.41208366,0.37277147,0.4904271,0.3663289,0.43097016,0.6047059,0.22580646,0.4904271,0.31068987,0.15128064,3.0
0.97628456,0.38333333,0.0,0.0,0.032319356,0.0005789289,0.024844723,0.000674385,0.24838628,0.22447325,0.29970545,0.21667966,0.5895523,0.4364706,0.33586338,0.29970545,0.32391465,0.15806997,3.0
0.8972332000000001,0.045833334,0.0,0.0,0.0380228,0.0008678500300000001,0.031055896,0.00070375,0.34624323,0.3119935,0.4167894,0.30397505,0.48694032,0.5517647,0.25426945,0.4167894,0.3194739,0.15455621,3.0
0.8972332000000001,0.12916666,0.3333333,0.0,0.07034223,0.0015681451,0.09689442,0.0016093539,0.31061193,0.2884927,0.3586156,0.28059235,0.58208954,0.43529412,0.345351,0.3586156,0.27157217,0.15512802,3.0
0.42687747,0.41666666,0.0,0.0,0.049429666,0.0010977546,0.033540383,0.0010617686999999998,0.40278855,0.3743922,0.47496322,0.35307872,0.50932837,0.57294124,0.19734344,0.47496322,0.29889232,0.16771325,3.0
0.07114624,0.2125,0.0,0.0,0.38403043,0.0008934992,0.014906832,0.00026339077,0.43790343,0.3922204,0.5301915,0.38347623,0.37873137,0.67764705,0.16129032,0.5301915,0.32936445,0.154108,3.0
0.3043478,0.4875,0.0,0.0,0.039923977,0.0008956115300000002,0.031055879,0.0008106417,0.34805062,0.31118315,0.42562592,0.30085737,0.46828356,0.58588237,0.21821633,0.42562592,0.34023675,0.15809771,3.0
0.6679841999999999,0.45833334,0.0,0.0,0.0741445,0.0018501709,0.060869563,0.0013888932,0.22566485,0.20907617,0.26877764,0.19563523,0.64738804,0.3917647,0.3491461,0.26877764,0.3134271,0.17122138,3.0
0.22529644,0.15416667,0.0,0.0,0.077946775,0.00025302044,0.00621117,0.00018099921,0.28479216,0.25850892,0.34756994,0.24318005,0.5615671999999999,0.5,0.2618596,0.34756994,0.33911672,0.16711451,3.0
0.7035573,0.5083333,0.0,0.0,0.081749044,0.0023995708,0.019875785,0.0005412195,0.2563904,0.23338735,0.3070692,0.2244739,0.5932835999999999,0.43529412,0.33396587,0.3070692,0.3133975,0.15992248,3.0
0.40316206,0.225,0.0,0.0,0.043726247,0.0010925941,0.027329171,0.0006570155,0.4193132000000001,0.3922204,0.48969072,0.37022603,0.51305974,0.5682353,0.20113853,0.48969072,0.2870454,0.16826129,3.0
0.4466403000000001,0.49166667,0.3333333,0.0,0.07034223,0.0011529658,0.017391264,0.0006391748999999999,0.43506324,0.3954619,0.51693666,0.3858145,0.4216418,0.6270588,0.199241,0.51693666,0.30597952,0.15397668,3.0
0.03952569,0.2125,0.0,0.0,0.030418308,0.0005060397,0.016149106,0.00028108867,0.4655306,0.4189627,0.5611193,0.40841776,0.36380598,0.70000005,0.14041747,0.5611193,0.3227603,0.15440142,3.0
0.15810277,0.375,0.0,0.0,0.058935333,0.00093671505,0.0459627,0.001121781,0.44874772,0.41491085,0.5265095999999999,0.39828527,0.45708954,0.6105881999999999,0.18975331,0.5265095999999999,0.28936154,0.1602586,3.0
0.4743083,0.37916666,0.3333333,0.0,0.10076042,0.0018704132,0.027329186,0.00062082114,0.36018592,0.34359804,0.4131075,0.31956354,0.6044776,0.47058824,0.26565462,0.4131075,0.2694,0.17615503,3.0
0.8656126000000001,0.41666666,0.0,0.0,0.08745246,0.0016693426,0.050931665999999993,0.0011522892,0.20630002,0.18557537,0.25331370000000003,0.17614965,0.62499994,0.4058824,0.3491461,0.25331370000000003,0.34932512,0.16442987,3.0
0.86166006,0.50416666,0.0,0.0,0.049429666,0.0006609353,0.02484471,0.00054122054,0.24554609,0.21555915,0.30265096,0.21356197,0.54850745,0.46352944,0.33396587,0.30265096,0.35474625,0.15062249,3.0
0.9486166,0.24583334,0.0,0.0,0.03612169,0.0007182744999999999,0.09192545,0.0019866282,0.27859542,0.26580226,0.320324,0.24629773,0.65671647,0.39764708,0.33017078,0.320324,0.27405116,0.17690516,3.0
0.7312253000000001,0.3625,0.0,0.0,0.043726254000000006,0.0011915184,0.13291924,0.0022215522,0.23676737,0.226094,0.27172312,0.20966485,0.6847015000000001,0.35529414,0.370019,0.27172312,0.2656978,0.18195873,3.0
0.8221344,0.24583334,0.0,0.5,0.076045655,0.0018368921,0.19627328,0.0024972167000000003,0.25613222,0.24554296,0.2945508,0.22525331,0.6791045,0.37647063,0.34155595,0.2945508,0.27335805,0.18191303,3.0
0.20948617,0.5083333,0.0,0.0,0.15019013,0.00171935,0.028571416,0.00087907084,0.14949651,0.14505672,0.17083947,0.1309431,0.7555970000000001,0.26941177,0.43643266,0.17083947,0.27027062,0.1914438,3.0
0.35573122,0.22083333,0.0,0.0,0.032319400000000005,0.0007182732,0.023602491,0.0007358765,0.43222308,0.39141005,0.5176731,0.38035852,0.41417912,0.6435294,0.18026565,0.5176731,0.31425992,0.15547119,3.0
0.08300395,0.31666666,0.0,0.0,0.06463882,0.0012695562,0.026086954,0.00044982875,0.44642398,0.40680712,0.5324005999999999,0.3928293,0.41791046,0.6494118000000001,0.16698293,0.5324005999999999,0.30969977,0.15765595,3.0
0.33992094,0.5625,0.0,0.0,0.032319378,0.0006167233999999999,0.11428571,0.003399246,0.3008004,0.26904374,0.37039766,0.25720966,0.51865673,0.5364706,0.2466793,0.37039766,0.34745374,0.16155589,3.0
0.20948617,0.47916666,0.3333333,0.0,0.095057026,0.002719571,0.07577638,0.0016407778,0.16240641,0.15316045,0.19145803,0.14029618,0.7182835999999999,0.3094118,0.40986717,0.19145803,0.3057855,0.1805434,3.0
0.14624506,0.34583333,0.3333333,0.0,0.047528576,0.0010504206,0.019875757,0.0005621774,0.47482574,0.445705,0.54786456,0.42478567,0.4813433,0.5941177,0.19165087,0.54786456,0.26725835,0.16378967,3.0
0.5770751000000001,0.09583333,0.0,0.0,0.15779468,0.004189568,0.017391322,0.00056217675,0.33178416,0.29983792,0.3976436,0.2922837,0.5074627,0.52588236,0.27514229999999995,0.3976436,0.3175422,0.15466739,3.0
0.4387352,0.1125,0.0,0.0,0.37832695,0.011166808,0.02484474,0.00077041885,0.45055515,0.42463532,0.5198822,0.40140295,0.51119405,0.57058823,0.199241,0.5198822,0.27165923,0.16877781,3.0
0.5928854,0.375,0.0,0.0,0.32889733,0.006591378,0.011180123,0.00025217928,0.21740253,0.19854131,0.26141384,0.18862042,0.63432837,0.39411765,0.35863376,0.26141384,0.32728764,0.16549307,3.0
0.6640315999999999,0.5,0.0,0.0,0.081749044,0.0018824552,0.20621116,0.0015257604,0.24890266,0.22366287,0.30338734,0.2151208,0.5802239,0.45176467,0.32068312,0.30338734,0.33861881,0.16032313,3.0
0.27272728,0.1125,0.0,0.0,0.041825112000000005,0.000274439,0.02236026,0.0005482942,0.40433773,0.36466774,0.49263626,0.34840217,0.43097016,0.6505882,0.15180266,0.49263626,0.33601543,0.1621164,3.0
0.18181819,0.35416666,0.0,0.0,0.032319400000000005,0.0005789283,0.018633539,0.0005429968,0.4317067,0.39708263,0.5103093,0.38113794,0.45708954,0.6105881999999999,0.18975331,0.5103093,0.29722086,0.16033663,3.0
0.42687747,0.37083334,0.0,0.0,0.032319378,0.0004947524,0.009937893,0.00029119136,0.39839917,0.37601298,0.46170843,0.3522993,0.5522388,0.5294118,0.2239089,0.46170843,0.27896288,0.17125620000000005,3.0
0.5335968000000001,0.14166667,0.0,0.0,0.041825086,0.0015573029,0.045962725,0.0011009745,0.3699974,0.3508914,0.42268044,0.3320343,0.5839552,0.47176474,0.28463,0.42268044,0.25936732,0.16758905,3.0
0.36363637,0.23333333,0.0,0.0,0.058935314,0.0014007103,0.033540357,0.00085686875,0.42344436,0.3865478,0.5029455,0.37412313,0.44402987,0.61294115,0.199241,0.5029455,0.303044,0.15686172,3.0
0.2055336,0.12916666,0.0,0.0,0.11216729,0.0007182738999999999,0.013664593,0.0003852093700000001,0.19700491,0.17828201,0.24005891,0.16913484,0.641791,0.38470593,0.3662239,0.24005891,0.33789337,0.16505392,3.0
